3851674_0.java,20,33,lucene-4.3.0/lucene-4.3.0/highlighter/src/test/org/apache/lucene/search/postingshighlight/TestPostingsHighlighterRanking.java,157,170,3851674_0.java,22,41,lucene-4.3.0/lucene-4.3.0/highlighter/src/test/org/apache/lucene/search/postingshighlight/TestPostingsHighlighterRanking.java,160,178,AUTO-D,similar equals() methods,EX-D,similar equals() methods
5886302_0.java,1,14,eclipse_SDK/eclipse_SDK-4.3/src/src/org/eclipse/jface/wizard/WizardSelectionPage.java,29,42,5886302_0.java,1,15,eclipse_SDK/eclipse_SDK-4.3/src/src/org/eclipse/jface/wizard/WizardSelectionPage.java,29,43,AUTO-D,accidentally similar getter,EX-D,accidentally similar getter
9709633_0.java,133,165,cayenne-3/cayenne-3.0.1-src/framework/cayenne-modeler/src/main/java/org/apache/cayenne/modeler/util/CellEditorForAttributeTable.java,40,72,9709633_0.java,156,167,cayenne-3/cayenne-3.0.1-src/framework/cayenne-modeler/src/main/java/org/apache/cayenne/modeler/util/CellEditorForAttributeTable.java,63,74,AUTO-D,accidentally similar getter,EX-E,both classes implement TableCellEditor and hence having similar implementation of many methods.
10924700_0.java,1,17,spring-framework-3.0.5/spring-framework-3.0.5.RELEASE/projects/org.springframework.oxm/src/main/java/org/springframework/oxm/jaxb/Jaxb2Marshaller.java,253,269,10924700_0.java,1,18,spring-framework-3.0.5/spring-framework-3.0.5.RELEASE/projects/org.springframework.oxm/src/main/java/org/springframework/oxm/jaxb/Jaxb2Marshaller.java,253,270,EX-A,SO answer infers tha the code is copied from Jxab2Marshaller,,
11187462_0.java,45,60,apache-log4j-1.2.16/apache-log4j-1.2.16/contribs/JimMoore/LoggingOutputStream.java,32,47,11187462_0.java,44,61,apache-log4j-1.2.16/apache-log4j-1.2.16/contribs/JimMoore/LoggingOutputStream.java,32,48,EX-A,SO answer says the code is copied from LoggingOutputStream (https://svn.apache.org/viewvc/logging/log4j/trunk/contribs/JimMoore/LoggingOutputStream.java?view=co),,
12106623_0.java,1,15,apache-log4j-1.2.16/apache-log4j-1.2.16/src/main/java/org/apache/log4j/WriterAppender.java,46,60,12106623_0.java,1,16,apache-log4j-1.2.16/apache-log4j-1.2.16/src/main/java/org/apache/log4j/WriterAppender.java,45,61,EX-A,"SO answer says """"I study the source of logj4 МаеЏ_МаеЏ__ """"""""",,
14019840_0.java,1,17,struts2-2.2.1-all/struts-2.2.1/src/core/src/main/java/org/apache/struts2/dispatcher/mapper/DefaultActionMapper.java,128,144,14019840_0.java,1,18,struts2-2.2.1-all/struts-2.2.1/src/core/src/main/java/org/apache/struts2/dispatcher/mapper/DefaultActionMapper.java,128,145,EX-A,SO answer says the code is copied from DefaultActionMapper,,
18137301_0.java,1,14,antlr4-4.0/tool/test/org/antlr/v4/test/TestPerformance.java,556,569,18137301_0.java,3,15,antlr4-4.0/tool/test/org/antlr/v4/test/TestPerformance.java,559,570,EX-A,author of answer says ge copied code from antlr,,
21702608_0.java,1,13,hadoop-1/hadoop-1.0.0/src/examples/org/apache/hadoop/examples/DBCountPageView.java,275,287,21702608_0.java,1,36,hadoop-1/hadoop-1.0.0/src/examples/org/apache/hadoop/examples/DBCountPageView.java,275,306,EX-A,SO answer is a modified version of DBCountPageView.java,,
21787713_0.java,1,11,spring-framework-3.0.5/spring-framework-3.0.5.RELEASE/projects/org.springframework.web.servlet/src/main/java/org/springframework/web/servlet/DispatcherServlet.java,119,129,21787713_0.java,1,14,spring-framework-3.0.5/spring-framework-3.0.5.RELEASE/projects/org.springframework.web.servlet/src/main/java/org/springframework/web/servlet/DispatcherServlet.java,119,132,EX-A,SO answer says the it shows the implementation of initLocaleResolver() in DispatchServlet,,
21998949_0.java,11,29,jfreechart-1/jfreechart-1.0.13/source/org/jfree/chart/plot/SpiderWebPlot.java,502,520,21998949_0.java,10,89,jfreechart-1/jfreechart-1.0.13/source/org/jfree/chart/plot/SpiderWebPlot.java,502,578,EX-A,SO answer shows a code that extends from SpiderWebPlot in JFreeChart.,,
22230019_0.java,1,17,eclipse_SDK/eclipse_SDK-4.3/src/src/org/eclipse/swt/widgets/Widget.java,424,440,22230019_0.java,1,19,eclipse_SDK/eclipse_SDK-4.3/src/src/org/eclipse/swt/widgets/Widget.java,424,442,EX-A,"SO answer says the code is copied from Widget#sendEvent(int""",,
23520731_0.java,1,54,hibernate-release-4/hibernate-release-4.2.2.Final/project/hibernate-core/src/main/java/org/hibernate/tool/hbm2ddl/SchemaUpdate.java,115,168,23520731_0.java,1,75,hibernate-release-4/hibernate-release-4.2.2.Final/project/hibernate-core/src/main/java/org/hibernate/tool/hbm2ddl/SchemaUpdate.java,115,190,EX-A,SO answer is copied directly from SchemaUpdate class in Hibernate project ,,
23967852_0.java,1,19,hibernate-release-4/hibernate-release-4.2.2.Final/project/hibernate-core/src/main/java/org/hibernate/dialect/pagination/SQLServer2005LimitHandler.java,43,61,23967852_0.java,1,20,hibernate-release-4/hibernate-release-4.2.2.Final/project/hibernate-core/src/main/java/org/hibernate/dialect/pagination/SQLServer2005LimitHandler.java,43,62,EX-A,SO answer mentions that the code there is an investigation of code in getProcessedSql() in Hibernate.,,
24404964_0.java,1,11,apache-tomcat-7.0.2/apache-tomcat-7.0.2-src/java/org/apache/catalina/connector/CoyoteAdapter.java,543,553,24404964_0.java,1,36,apache-tomcat-7.0.2/apache-tomcat-7.0.2-src/java/org/apache/catalina/connector/CoyoteAdapter.java,543,578,EX-A,SO answer says the code is copied from CoyoteAdapter (http://svn.apache.org/viewvc/tomcat/tc7.0.x/trunk/java/org/apache/catalina/connector/CoyoteAdapter.java?view=markup),,
24924255_0.java,9,28,hibernate-release-4/hibernate-release-4.2.2.Final/project/hibernate-core/src/main/java/org/hibernate/criterion/Example.java,224,243,24924255_0.java,1,32,hibernate-release-4/hibernate-release-4.2.2.Final/project/hibernate-core/src/main/java/org/hibernate/criterion/Example.java,218,247,EX-A,SO answer says that the code is copied and modified from Hadoop org.hibernate.criterion.Example example.,,
25056629_1.java,1,12,iText-src-5/src/core/com/itextpdf/text/pdf/PdfWriter.java,538,549,25056629_1.java,1,14,iText-src-5/src/core/com/itextpdf/text/pdf/PdfWriter.java,538,551,EX-A,question is about iText. Author of answer posts the code from iText that is an example of the shortcome pointed by the question,,
2513183_0.java,41,67,eclipse_SDK/eclipse_SDK-4.3/src/src/org/eclipse/jdt/ui/actions/GenerateToStringAction.java,41,67,2513183_0.java,45,55,eclipse_SDK/eclipse_SDK-4.3/src/src/org/eclipse/jdt/ui/actions/GenerateToStringAction.java,45,55,EX-A,"the whole class is copied from eclipse (with license) """"I cannot find the source of that class on the internet""",,
2513183_0.java,136,158,eclipse_SDK/eclipse_SDK-4.3/src/src/org/eclipse/jdt/ui/actions/GenerateToStringAction.java,143,165,2513183_0.java,106,159,eclipse_SDK/eclipse_SDK-4.3/src/src/org/eclipse/jdt/ui/actions/GenerateToStringAction.java,113,166,EX-A,"the whole class is copied from eclipse (with license) """"I cannot find the source of that class on the internet""",,
25719073_1.java,1,17,eclipse_SDK/eclipse_SDK-4.3/src/src/org/eclipse/swt/widgets/Widget.java,309,325,25719073_1.java,1,20,eclipse_SDK/eclipse_SDK-4.3/src/src/org/eclipse/swt/widgets/Widget.java,309,328,EX-A,SO answer says the code is copied from Widget.release(),,
4083418_0.java,1,22,apache-log4j-1.2.16/apache-log4j-1.2.16/src/main/java/org/apache/log4j/DailyRollingFileAppender.java,105,126,4083418_0.java,1,28,apache-log4j-1.2.16/apache-log4j-1.2.16/src/main/java/org/apache/log4j/DailyRollingFileAppender.java,105,132,EX-A,SO answer says the code is the one implements rollover function.,,
598007_0.java,1,11,eclipse_SDK/eclipse_SDK-4.3/src/src/org/eclipse/jface/dialogs/ProgressMonitorDialog.java,252,262,598007_0.java,1,13,eclipse_SDK/eclipse_SDK-4.3/src/src/org/eclipse/jface/dialogs/ProgressMonitorDialog.java,252,264,EX-A,"SO answer says the code is copied from org.eclipse.jface.dialogs.ProgressMonitorDialog with a note """"(with a comment added by me)""""""""",,
6025026_0.java,212,226,jung2-2_0_1/jung-samples-2.0.1/edu/uci/ics/jung/samples/ShortestPathDemo.java,158,172,6025026_0.java,212,233,jung2-2_0_1/jung-samples-2.0.1/edu/uci/ics/jung/samples/ShortestPathDemo.java,158,179,EX-A,SO answer says the code is modified from ShortestPathDemo,,
6149818_0.java,3,14,spring-framework-3.0.5/spring-framework-3.0.5.RELEASE/projects/org.springframework.core/src/main/java/org/springframework/util/DefaultPropertiesPersister.java,69,80,6149818_0.java,1,20,spring-framework-3.0.5/spring-framework-3.0.5.RELEASE/projects/org.springframework.core/src/main/java/org/springframework/util/DefaultPropertiesPersister.java,67,86,EX-A,SO answer says the code is from Spring's DefaultPropertiesPersister,,
6722760_1.java,28,40,jgraph-latest-bsd-src/examples/org/jgraph/example/HelloWorld.java,28,40,6722760_1.java,13,37,jgraph-latest-bsd-src/examples/org/jgraph/example/HelloWorld.java,14,37,EX-A,SO answer says that the code is copied and modified from Jgraph,,
7504040_0.java,1,20,eclipse_SDK/eclipse_SDK-4.3/src/src/junitsrc/org/junit/rules/ExternalResource.java,4,23,7504040_0.java,5,17,eclipse_SDK/eclipse_SDK-4.3/src/src/junitsrc/org/junit/rules/ExternalResource.java,8,20,EX-A,copied from junit which is inside Eclipse,,
7504040_0.java,1,20,junit-4/org/junit/rules/ExternalResource.java,4,23,7504040_0.java,5,17,junit-4/org/junit/rules/ExternalResource.java,8,20,EX-A,SO answer says that the code is copied from JUnit ExternalResource,,
801987_0.java,1,17,hadoop-1/hadoop-1.0.0/src/core/org/apache/hadoop/util/StringUtils.java,40,56,801987_0.java,1,18,hadoop-1/hadoop-1.0.0/src/core/org/apache/hadoop/util/StringUtils.java,41,57,EX-A,SO answer says that the code is copied from this Hadoop file.,,
8802082_2.java,1,19,junit-4/org/junit/internal/runners/statements/ExpectException.java,11,29,8802082_2.java,1,20,junit-4/org/junit/internal/runners/statements/ExpectException.java,12,31,EX-A,"SO answer says that it copies the code from ExpectException.java (""""an exxcerpt from the Junit source code (ExpectException.java):"""")""""",,
10396359_0.java,1,13,apache-roller-4.0.1/apache-roller-src-4.0.1/tomcat/work/Catalina/localhost/roller/org/apache/jsp/WEB_002dINF/jsps/tiles/css_002dnosidebar_jsp.java,20,32,10396359_0.java,1,35,apache-roller-4.0.1/apache-roller-src-4.0.1/tomcat/work/Catalina/localhost/roller/org/apache/jsp/WEB_002dINF/jsps/tiles/css_002dnosidebar_jsp.java,20,58,EX-B,similar _jspService() method,,
10396359_0.java,1,13,apache-roller-4.0.1/apache-roller-src-4.0.1/tomcat/work/Catalina/localhost/roller/org/apache/jsp/WEB_002dINF/jsps/tiles/empty_jsp.java,20,32,10396359_0.java,1,35,apache-roller-4.0.1/apache-roller-src-4.0.1/tomcat/work/Catalina/localhost/roller/org/apache/jsp/WEB_002dINF/jsps/tiles/empty_jsp.java,20,54,EX-B,similar _jspService() method,,
11319346_0.java,121,141,apache-jmeter-2.9/apache-jmeter-2.9/src/jorphan/org/apache/jorphan/gui/layout/VerticalLayout.java,88,108,11319346_0.java,121,142,apache-jmeter-2.9/apache-jmeter-2.9/src/jorphan/org/apache/jorphan/gui/layout/VerticalLayout.java,88,109,EX-B,similar code for setting layout size (layoutSize()) method),,
11319346_0.java,143,181,apache-jmeter-2.9/apache-jmeter-2.9/src/jorphan/org/apache/jorphan/gui/layout/VerticalLayout.java,33,71,11319346_0.java,143,179,apache-jmeter-2.9/apache-jmeter-2.9/src/jorphan/org/apache/jorphan/gui/layout/VerticalLayout.java,34,69,EX-B,layoutContainer() are identical,,
11368428_1.java,1,10,jfreechart-1/jfreechart-1.0.13/source/org/jfree/chart/demo/BarChartDemo1.java,29,38,11368428_1.java,1,27,jfreechart-1/jfreechart-1.0.13/source/org/jfree/chart/demo/BarChartDemo1.java,29,55,EX-B,The code are very similar without any reference.,,
11368428_1.java,1,10,jfreechart-1/jfreechart-1.0.13/swt/org/jfree/experimental/chart/swt/demo/SWTBarChartDemo1.java,19,28,11368428_1.java,1,27,jfreechart-1/jfreechart-1.0.13/swt/org/jfree/experimental/chart/swt/demo/SWTBarChartDemo1.java,19,45,EX-B,SO answer does not say that the code is copied from jfreechart. But very likely,,
11741948_0.java,1,11,apache-log4j-1.2.16/apache-log4j-1.2.16/src/main/java/org/apache/log4j/lf5/util/StreamUtils.java,12,22,11741948_0.java,1,12,apache-log4j-1.2.16/apache-log4j-1.2.16/src/main/java/org/apache/log4j/lf5/util/StreamUtils.java,12,23,EX-B,similar copy() implementation,,
12377779_0.java,6,16,netbeans-6.9.1-201007282301/kenai.ui/src/org/netbeans/modules/kenai/ui/treelist/TreeList.java,130,140,12377779_0.java,1,37,netbeans-6.9.1-201007282301/kenai.ui/src/org/netbeans/modules/kenai/ui/treelist/TreeList.java,125,159,EX-B,the getToolTipText() are similar,,
12427981_1.java,9,38,apache-log4j-1.2.16/apache-log4j-1.2.16/contribs/JimMoore/LoggingOutputStream.java,24,53,12427981_1.java,17,33,apache-log4j-1.2.16/apache-log4j-1.2.16/contribs/JimMoore/LoggingOutputStream.java,32,48,EX-B,Very similar pair of code extending OutputStream,,
12936580_0.java,75,99,jfreechart-1/jfreechart-1.0.13/source/org/jfree/chart/renderer/xy/AbstractXYItemRenderer.java,458,482,12936580_0.java,63,197,jfreechart-1/jfreechart-1.0.13/source/org/jfree/chart/renderer/xy/AbstractXYItemRenderer.java,443,578,EX-B,SO answer says the code is a merge of XYPlot and XYLineAndShapeRenderer.,,
12936580_0.java,83,94,jfreechart-1/jfreechart-1.0.13/source/org/jfree/chart/renderer/xy/AbstractXYItemRenderer.java,619,630,12936580_0.java,63,197,jfreechart-1/jfreechart-1.0.13/source/org/jfree/chart/renderer/xy/AbstractXYItemRenderer.java,596,731,EX-B,SO answer says it merges code from XYPlot and XYLineAndShapeRenderer. Several methods are similar.,,
13311280_0.java,6,59,netbeans-6.9.1-201007282301/form/test/qa-functional/data/SampleDesktopApplication/src/sampledesktopapplication/SampleDesktopView.java,17,70,13311280_0.java,29,54,netbeans-6.9.1-201007282301/form/test/qa-functional/data/SampleDesktopApplication/src/sampledesktopapplication/SampleDesktopView.java,40,65,EX-B,Both classes share identical code inside constructors for 54 lines.,,
13311280_0.java,6,59,netbeans-6.9.1-201007282301/java.examples/MarsRoverViewer/src/marsroverviewer/MarsRoverViewerView.java,28,81,13311280_0.java,29,54,netbeans-6.9.1-201007282301/java.examples/MarsRoverViewer/src/marsroverviewer/MarsRoverViewerView.java,51,76,EX-B,Both classes share identical code inside constructors for 54 lines.,,
13311280_0.java,6,59,netbeans-6.9.1-201007282301/swingapp/appshells/BasicShellApp/src/applicationpackage/ShellView.java,17,70,13311280_0.java,29,54,netbeans-6.9.1-201007282301/swingapp/appshells/BasicShellApp/src/applicationpackage/ShellView.java,40,65,EX-B,Both classes share identical code inside constructors for 54 lines.,,
13524878_0.java,1,15,netbeans-6.9.1-201007282301/java.source/test/unit/data/jdk/JTable.java,1469,1483,13524878_0.java,1,16,netbeans-6.9.1-201007282301/java.source/test/unit/data/jdk/JTable.java,1469,1484,EX-B,SO answer says Jtable#stopCellEditing but might be a different Jtable class,,
14940863_0.java,1,25,jstock-1.0.7c/jstock/src/org/yccheok/jstock/alert/GoogleMail.java,18,42,14940863_0.java,1,26,jstock-1.0.7c/jstock/src/org/yccheok/jstock/alert/GoogleMail.java,18,43,EX-B,SO answer says the code is copied from jstock GoogleMail.java (http://jstock.hg.sourceforge.net/hgweb/jstock/jstock/file/d9290c44d19c/src/org/yccheok/jstock/alert/GoogleMail.java),,
15110171_0.java,26,38,struts2-2.2.1-all/struts-2.2.1/src/xwork-core/src/main/java/com/opensymphony/xwork2/validator/validators/StringLengthFieldValidator.java,28,40,15110171_0.java,23,40,struts2-2.2.1-all/struts-2.2.1/src/xwork-core/src/main/java/com/opensymphony/xwork2/validator/validators/StringLengthFieldValidator.java,25,42,EX-B,similar code to validate string length,,
16860613_0.java,9,281,eclipse_SDK/eclipse_SDK-4.3/src/src/org/eclipse/jface/viewers/StyledString.java,9,281,16860613_0.java,55,74,eclipse_SDK/eclipse_SDK-4.3/src/src/org/eclipse/jface/viewers/StyledString.java,55,74,EX-B,couldn't find the SO post anymore.,,
18921519_0.java,72,84,apache-tomcat-7.0.2/apache-tomcat-7.0.2-src/test/org/apache/catalina/tribes/demos/MapDemo.java,339,351,18921519_0.java,72,85,apache-tomcat-7.0.2/apache-tomcat-7.0.2-src/test/org/apache/catalina/tribes/demos/MapDemo.java,339,352,EX-B,similar code without any strong evidence of anything,,
21099738_0.java,5,20,jboss-5/jboss-5.1.0.GA-src/console/src/main/org/jboss/console/plugins/helpers/servlet/ServletHelper.java,8,23,21099738_0.java,2,30,jboss-5/jboss-5.1.0.GA-src/console/src/main/org/jboss/console/plugins/helpers/servlet/ServletHelper.java,3,31,EX-B,very similar code to replace special characters,,
22585813_0.java,1,15,netbeans-6.9.1-201007282301/o.mozilla.rhino.patched/patched_files/org/mozilla/nb/javascript/ScriptRuntime.java,774,788,22585813_0.java,1,16,netbeans-6.9.1-201007282301/o.mozilla.rhino.patched/patched_files/org/mozilla/nb/javascript/ScriptRuntime.java,774,789,EX-B,SO answer says the code is from Mozilla Rhino,,
24330611_0.java,156,182,jung2-2_0_1/jung-samples-2.0.1/edu/uci/ics/jung/samples/TreeCollapseDemo.java,103,129,24330611_0.java,137,240,jung2-2_0_1/jung-samples-2.0.1/edu/uci/ics/jung/samples/TreeCollapseDemo.java,89,184,EX-B,SO question is about jung2 however the code in the answer doesn't anything about copying. ,,
24330611_0.java,200,247,jung2-2_0_1/jung-samples-2.0.1/edu/uci/ics/jung/samples/TreeCollapseDemo.java,144,191,24330611_0.java,217,227,jung2-2_0_1/jung-samples-2.0.1/edu/uci/ics/jung/samples/TreeCollapseDemo.java,161,171,EX-B,SO question is about jung2 however the code in the answer doesn't anything about copying. Code are similar for 48 lines,,
24330611_0.java,317,350,jung2-2_0_1/jung-samples-2.0.1/edu/uci/ics/jung/samples/TreeCollapseDemo.java,244,277,24330611_0.java,320,333,jung2-2_0_1/jung-samples-2.0.1/edu/uci/ics/jung/samples/TreeCollapseDemo.java,249,260,EX-B,SO question is about jung2 however the code in the answer doesn't anything about copying. Code are similar for 34 lines,,
24330611_0.java,321,347,jung2-2_0_1/jung-samples-2.0.1/edu/uci/ics/jung/samples/VertexCollapseDemo.java,217,243,24330611_0.java,320,333,jung2-2_0_1/jung-samples-2.0.1/edu/uci/ics/jung/samples/VertexCollapseDemo.java,218,229,EX-B,SO question is about jung2 however the code in the answer doesn't anything about copying. ,,
24680923_0.java,11,41,jstock-1.0.7c/jstock/src/org/yccheok/jstock/alert/GoogleMail.java,12,42,24680923_0.java,17,42,jstock-1.0.7c/jstock/src/org/yccheok/jstock/alert/GoogleMail.java,18,43,EX-B,both code are very similar for 31 lines,,
24963319_3.java,1,16,geotools-2/geotools-2.7-M3/modules/unsupported/swing/src/main/java/org/jdesktop/swingworker/SwingWorker.java,63,78,24963319_3.java,1,17,geotools-2/geotools-2.7-M3/modules/unsupported/swing/src/main/java/org/jdesktop/swingworker/SwingWorker.java,63,79,EX-B,SO answer says (implicitly) that it is a copy of SwingWorker's code.,,
25150803_0.java,35,48,netbeans-6.9.1-201007282301/java.navigation/src/org/netbeans/modules/java/stackanalyzer/AnalyserCellRenderer.java,29,42,25150803_0.java,35,50,netbeans-6.9.1-201007282301/java.navigation/src/org/netbeans/modules/java/stackanalyzer/AnalyserCellRenderer.java,29,44,EX-B,(by Jens) one method in answer exactly equal a method on netbeans but no evidence if the answer copied from netbeans of where this code is originally from,,
25150803_0.java,35,48,netbeans-6.9.1-201007282301/spellchecker/src/org/netbeans/modules/spellchecker/options/CheckBoxRenderrer.java,22,35,25150803_0.java,35,50,netbeans-6.9.1-201007282301/spellchecker/src/org/netbeans/modules/spellchecker/options/CheckBoxRenderrer.java,22,37,EX-B,(by Jens) one method in answer exactly equal a method on netbeans but no evidence if the answer copied from netbeans of where this code is originally from,,
25150803_0.java,37,48,jhotdraw-7.5.1/jhotdraw_7.5.1/Source/jhotdraw7/src/main/java/org/jhotdraw/gui/plaf/palette/PaletteListCellRenderer.java,21,32,25150803_0.java,35,50,jhotdraw-7.5.1/jhotdraw_7.5.1/Source/jhotdraw7/src/main/java/org/jhotdraw/gui/plaf/palette/PaletteListCellRenderer.java,19,34,EX-B,(by Jens) one method in answer exactly equal a method on netbeans but no evidence if the answer copied from netbeans of where this code is originally from,,
3629882_0.java,3,15,jstock-1.0.7c/jstock/src/org/yccheok/jstock/gui/Utils.java,1485,1497,3629882_0.java,1,26,jstock-1.0.7c/jstock/src/org/yccheok/jstock/gui/Utils.java,1484,1502,EX-B,similar code to handle XML,,
550172_0.java,39,53,jstock-1.0.7c/jstock/src/org/yccheok/jstock/gui/Utils.java,457,471,550172_0.java,39,68,jstock-1.0.7c/jstock/src/org/yccheok/jstock/gui/Utils.java,457,487,EX-B,SO answer mixes source code from several places,,
550172_0.java,57,80,jhotdraw-7.5.1/jhotdraw_7.5.1/Source/jhotdraw7/src/main/java/org/jhotdraw/util/Images.java,68,92,550172_0.java,69,81,jhotdraw-7.5.1/jhotdraw_7.5.1/Source/jhotdraw7/src/main/java/org/jhotdraw/util/Images.java,81,93,EX-B,SO answer says the code is copied from several places.,,
550172_0.java,69,80,jstock-1.0.7c/jstock/src/org/yccheok/jstock/gui/Utils.java,444,455,550172_0.java,69,81,jstock-1.0.7c/jstock/src/org/yccheok/jstock/gui/Utils.java,444,456,EX-B,the method hasAlpha() are identical.,,
6097643_0.java,2,19,eclipse_SDK/eclipse_SDK-4.3/src/src/org/apache/http/impl/client/AbstractHttpClient.java,110,127,6097643_0.java,1,20,eclipse_SDK/eclipse_SDK-4.3/src/src/org/apache/http/impl/client/AbstractHttpClient.java,110,128,EX-B,SO answer says that the code is copied from DefaultHttpClient.createHttpContext(),,
6535337_0.java,1,14,jhotdraw-7.5.1/jhotdraw_7.5.1/Source/jhotdraw7/src/main/java/org/jhotdraw/gui/VerticalGridLayout.java,130,143,6535337_0.java,1,40,jhotdraw-7.5.1/jhotdraw_7.5.1/Source/jhotdraw7/src/main/java/org/jhotdraw/gui/VerticalGridLayout.java,130,178,EX-B,very similar code in layoutContainer(),,
6691268_0.java,1,15,netbeans-6.9.1-201007282301/debugger.jpda/src/org/netbeans/modules/debugger/jpda/expr/InvocationExceptionTranslated.java,172,186,6691268_0.java,1,21,netbeans-6.9.1-201007282301/debugger.jpda/src/org/netbeans/modules/debugger/jpda/expr/InvocationExceptionTranslated.java,172,192,EX-B,similar code to print stack trace,,
6951800_0.java,2,13,netbeans-6.9.1-201007282301/javahelp/src/org/netbeans/modules/javahelp/BrowserDisplayer.java,249,260,6951800_0.java,1,16,netbeans-6.9.1-201007282301/javahelp/src/org/netbeans/modules/javahelp/BrowserDisplayer.java,248,263,EX-B,similar code to getFont,,
7324159_1.java,30,41,eclipse_SDK/eclipse_SDK-4.3/src/src/org/eclipse/jdt/internal/ui/util/TableLayoutComposite.java,74,85,7324159_1.java,28,92,eclipse_SDK/eclipse_SDK-4.3/src/src/org/eclipse/jdt/internal/ui/util/TableLayoutComposite.java,73,139,EX-B,similar code but that might be because the SO answer extends TableLayout,,
7324159_1.java,63,75,eclipse_SDK/eclipse_SDK-4.3/src/src/org/eclipse/jface/viewers/TableLayout.java,109,121,7324159_1.java,28,92,eclipse_SDK/eclipse_SDK-4.3/src/src/org/eclipse/jface/viewers/TableLayout.java,68,137,EX-B,similar code but that might be because the SO answer extends TableLayout,,
8416340_0.java,10,20,findbugs-1/findbugs-1.3.9/src/antTask/edu/umd/cs/findbugs/anttask/UnionBugs.java,68,78,8416340_0.java,4,23,findbugs-1/findbugs-1.3.9/src/antTask/edu/umd/cs/findbugs/anttask/UnionBugs.java,65,81,EX-B,exactly the same copyFile() method,,
92962_0.java,5,60,jung2-2_0_1/jung-samples-2.0.1/edu/uci/ics/jung/samples/LensDemo.java,261,316,92962_0.java,22,61,jung2-2_0_1/jung-samples-2.0.1/edu/uci/ics/jung/samples/LensDemo.java,278,317,EX-B,SO answer says the code is copied from http://www.java2s.com/Tutorial/Java/0240__Swing/VerticalLabelUI.htm while jung's code says nothing.,,
13219118_0.java,12,24,Compiere_330_Source/release_330/ad/src/org/compiere/translate/AmtInWords_FR.java,49,61,13219118_0.java,12,27,Compiere_330_Source/release_330/ad/src/org/compiere/translate/AmtInWords_FR.java,49,69,EX-C,SO answer says that the code is copied from http://www.rgagnon.com/javadetails/java-0426.html and the Q code also has a comment that it is from the same place.,,
15260207_0.java,130,154,freemind-src-0/freemind/accessories/plugins/dialogs/ArrayListTransferHandler.java,75,99,15260207_0.java,145,155,freemind-src-0/freemind/accessories/plugins/dialogs/ArrayListTransferHandler.java,90,100,EX-C,"SO answer says that the code is copied and modified from http://www.java2s.com/Code/Java/Swing-JFC/DragListDemo.htm. Freemind's code says that it is adapted from Sun tutorial example """"as-is"""".""""",,
15260207_0.java,172,212,freemind-src-0/freemind/accessories/plugins/dialogs/ArrayListTransferHandler.java,103,143,15260207_0.java,176,196,freemind-src-0/freemind/accessories/plugins/dialogs/ArrayListTransferHandler.java,107,127,EX-C,Code are very possible to be copied from http://www.java2s.com/Code/Java/Swing-JFC/DragListDemo.htm > http://java.sun.com/docs/books/tutorial/index.html,,
22064171_0.java,73,85,iReport-3/iReport-3.7.5-src/ireport-designer/src/com/jaspersoft/ireport/designer/sheet/editors/box/ShapeStroke.java,44,56,22064171_0.java,56,103,iReport-3/iReport-3.7.5-src/ireport-designer/src/com/jaspersoft/ireport/designer/sheet/editors/box/ShapeStroke.java,23,80,EX-C,SO answer says the code is modified from http://www.jhlabs.com/java/java2d/strokes/,,
3911987_0.java,38,50,Compiere_330_Source/release_330/ad/src/org/compiere/translate/AmtInWords_FR.java,49,61,3911987_0.java,38,53,Compiere_330_Source/release_330/ad/src/org/compiere/translate/AmtInWords_FR.java,49,69,EX-C,SO answer says that the code is copied from http://www.rgagnon.com/javadetails/java-0426.html and the Q code also has a comment that it is from the same place.,,
6926848_0.java,1,16,eclipse_SDK/eclipse_SDK-4.3/src/src/org/apache/http/client/utils/URLEncodedUtils.java,73,88,6926848_0.java,1,18,eclipse_SDK/eclipse_SDK-4.3/src/src/org/apache/http/client/utils/URLEncodedUtils.java,73,90,EX-C,"SO answer doesn't obviously say that it is copied from URLEncodeUtils. However if you look at the question""",,
11092289_1.java,27,40,iReport-3/iReport-3.7.5-src/jasperserver-plugin/src/com/jaspersoft/ireport/jasperserver/ws/IReportSSLSocketFactory.java,56,69,11092289_1.java,26,42,iReport-3/iReport-3.7.5-src/jasperserver-plugin/src/com/jaspersoft/ireport/jasperserver/ws/IReportSSLSocketFactory.java,49,71,EX-D,similar implementation of creating SSL socket connection.,,
12879764_0.java,25,40,iReport-3/iReport-3.7.5-src/ireport-designer/src/com/jaspersoft/ireport/designer/templates/TemplateRenderer.java,161,176,12879764_0.java,1,41,iReport-3/iReport-3.7.5-src/ireport-designer/src/com/jaspersoft/ireport/designer/templates/TemplateRenderer.java,124,177,EX-D,SO answer says that the code is adapted from the book Filthy Rich Client (http://filthyrichclients.org). The code in iReport does not say it is copied from anywhere.,,
13219118_0.java,12,24,Compiere_330_Source/release_330/ad/src/org/compiere/translate/AmtInWords_EN.java,49,61,13219118_0.java,12,27,Compiere_330_Source/release_330/ad/src/org/compiere/translate/AmtInWords_EN.java,49,64,EX-D,Constructors are very similar (except the names). Might be IDE-generated though.,,
18202284_0.java,1,11,jhotdraw-7.5.1/jhotdraw_7.5.1/Source/jhotdraw7/src/main/java/org/jhotdraw/samples/color/CIEXYChromaticityDiagram.java,30,40,18202284_0.java,1,12,jhotdraw-7.5.1/jhotdraw_7.5.1/Source/jhotdraw7/src/main/java/org/jhotdraw/samples/color/CIEXYChromaticityDiagram.java,30,41,EX-D,SO answer says the initComponents() is auto-generated by Netbeans,,
18202284_0.java,1,11,netbeans-6.9.1-201007282301/dlight.visualizers/src/org/netbeans/modules/dlight/visualizers/CallStackTopComponent.java,28,38,18202284_0.java,1,12,netbeans-6.9.1-201007282301/dlight.visualizers/src/org/netbeans/modules/dlight/visualizers/CallStackTopComponent.java,28,39,EX-D,SO answer says the initComponents() is auto-generated by Netbeans,,
18202284_0.java,1,11,netbeans-6.9.1-201007282301/dlight.visualizers/src/org/netbeans/modules/dlight/visualizers/ThreadMapTopComponent.java,31,41,18202284_0.java,1,12,netbeans-6.9.1-201007282301/dlight.visualizers/src/org/netbeans/modules/dlight/visualizers/ThreadMapTopComponent.java,31,42,EX-D,SO answer says the initComponents() is auto-generated by Netbeans,,
3911987_0.java,38,50,Compiere_330_Source/release_330/ad/src/org/compiere/translate/AmtInWords_EN.java,49,61,3911987_0.java,38,53,Compiere_330_Source/release_330/ad/src/org/compiere/translate/AmtInWords_EN.java,49,64,EX-D,main() methods are very similar,,
11187462_0.java,45,60,c-jdbc-2/c-jdbc-2.0.2-src/src/org/objectweb/cjdbc/common/util/LoggingOutputStream.java,36,51,11187462_0.java,44,61,c-jdbc-2/c-jdbc-2.0.2-src/src/org/objectweb/cjdbc/common/util/LoggingOutputStream.java,36,52,EX-E,Both classes extend OutputStream and hence share method similar methods. SO answer is copied from https://svn.apache.org/viewvc/logging/log4j/trunk/contribs/JimMoore/LoggingOutputStream.java?view=co,,
12427981_1.java,9,38,c-jdbc-2/c-jdbc-2.0.2-src/src/org/objectweb/cjdbc/common/util/LoggingOutputStream.java,28,57,12427981_1.java,17,33,c-jdbc-2/c-jdbc-2.0.2-src/src/org/objectweb/cjdbc/common/util/LoggingOutputStream.java,36,52,EX-E,Both classes extend OutputStream and hence share method similar methods. SO answer is copied from http://commons.apache.org/proper/commons-exec/,,
13302801_0.java,88,101,netbeans-6.9.1-201007282301/java.source/test/unit/data/jdk/JTable.java,1436,1449,13302801_0.java,84,102,netbeans-6.9.1-201007282301/java.source/test/unit/data/jdk/JTable.java,1434,1450,EX-E,both classes implement TableCellRenderer and have similar getTableCellRendererComponent(),,
15260207_0.java,92,103,freemind-src-0/freemind/accessories/plugins/dialogs/ArrayListTransferHandler.java,37,48,15260207_0.java,80,126,freemind-src-0/freemind/accessories/plugins/dialogs/ArrayListTransferHandler.java,27,71,EX-E,both classes extend TransferHandler and have similar methods,,
16928749_0.java,51,63,hadoop-1/hadoop-1.0.0/src/mapred/org/apache/hadoop/mapred/TextOutputFormat.java,48,60,16928749_0.java,50,66,hadoop-1/hadoop-1.0.0/src/mapred/org/apache/hadoop/mapred/TextOutputFormat.java,46,63,EX-E,SO's ArrayTextOutputFormat code extends from Qualitas TextOutputFormat class and having similar implementation of write() method.,,
16928749_0.java,51,63,hadoop-1/hadoop-1.0.0/src/mapred/org/apache/hadoop/mapreduce/lib/output/TextOutputFormat.java,52,64,16928749_0.java,50,66,hadoop-1/hadoop-1.0.0/src/mapred/org/apache/hadoop/mapreduce/lib/output/TextOutputFormat.java,50,67,EX-E,SO's ArrayTextOutputFormat code extends from Qualitas TextOutputFormat class and having similar implementation of write() method.,,
17966859_0.java,7,17,iReport-3/iReport-3.7.5-src/ireport-designer/src/com/jaspersoft/ireport/designer/subreport/TableComboBoxRenderer.java,11,21,17966859_0.java,6,18,iReport-3/iReport-3.7.5-src/ireport-designer/src/com/jaspersoft/ireport/designer/subreport/TableComboBoxRenderer.java,11,22,EX-E,both classses implement TableCellRenderer and have similar getTableCellRendererComponent(),,
6236324_0.java,77,134,aoisrc281/ArtOfIllusion/src/artofillusion/image/MovieEncoder.java,85,142,6236324_0.java,83,92,aoisrc281/ArtOfIllusion/src/artofillusion/image/MovieEncoder.java,91,100,EX-F,false clone,,
6236324_0.java,97,108,aoisrc281/ArtOfIllusion/src/artofillusion/image/MovieEncoder.java,105,116,6236324_0.java,93,110,aoisrc281/ArtOfIllusion/src/artofillusion/image/MovieEncoder.java,101,118,EX-F,accidental similarity from normalisation,,
6236324_0.java,114,134,aoisrc281/ArtOfIllusion/src/artofillusion/image/MovieEncoder.java,122,142,6236324_0.java,114,123,aoisrc281/ArtOfIllusion/src/artofillusion/image/MovieEncoder.java,122,131,EX-F,accidental similarity from normalisation,,
92962_0.java,11,60,jgraphpad-5/jgraphpad-5.10.0.2-src/src/org/jgraph/pad/graphcellsbase/JGraphSwimlaneView.java,82,131,92962_0.java,22,61,jgraphpad-5/jgraphpad-5.10.0.2-src/src/org/jgraph/pad/graphcellsbase/JGraphSwimlaneView.java,93,132,EX-F,accidental similarity by normalisation,,
21734562_0.java,3,51,apache-tomcat-7.0.2/apache-tomcat-7.0.2-src/java/org/apache/catalina/authenticator/BasicAuthenticator.java,25,73,21734562_0.java,1,70,apache-tomcat-7.0.2/apache-tomcat-7.0.2-src/java/org/apache/catalina/authenticator/BasicAuthenticator.java,23,87,EX-A,SO answer says the code is copied from BasicAuthenticator,,
8802082_2.java,1,19,eclipse_SDK/eclipse_SDK-4.3/src/src/junitsrc/org/junit/internal/runners/statements/ExpectException.java,11,29,8802082_2.java,1,20,eclipse_SDK/eclipse_SDK-4.3/src/src/junitsrc/org/junit/internal/runners/statements/ExpectException.java,12,31,EX-A,the code is copied from Junit ExpectException class,,